IMG_20200124_235615.jpg,720,540,1_3,281,79,394,139
IMG_20200124_234550.jpg,720,540,1_3,464,165,616,252
IMG_20200201_211352.jpg,720,540,1_3,222,341,563,471
IMG_20200201_211429.jpg,720,540,1_3,222,217,482,322
IMG_20200201_212231.jpg,720,540,1_3,324,175,440,238
IMG_20200201_211335.jpg,720,540,1_3,202,334,540,463
IMG_20200201_211426.jpg,540,720,1_3,313,217,395,463
IMG_20200201_211445.jpg,720,540,1_3,243,317,506,457
IMG_20200124_235609.jpg,720,540,1_3,254,68,375,133
IMG_20200124_232627.jpg,720,540,1_3,198,196,517,358
IMG_20200124_235240.jpg,720,540,1_3,389,152,511,219
IMG_20200124_234630.jpg,720,540,1_3,501,178,630,241
IMG_20200124_232618.jpg,720,540,1_3,205,214,543,367
IMG_20200124_234654.jpg,720,540,1_3,199,343,350,403
IMG_20200124_235155.jpg,720,540,1_3,437,319,606,385
IMG_20200201_211433.jpg,720,540,1_3,210,270,471,394
IMG_20200124_235137.jpg,720,540,1_3,322,178,534,295
IMG_20200124_234544.jpg,720,540,1_3,468,200,622,277
IMG_20200124_235305.jpg,720,540,1_3,352,161,470,224
IMG_20200201_212207.jpg,720,540,1_3,340,182,457,351
IMG_20200201_211402.jpg,720,540,1_3,248,224,499,336
IMG_20200201_211428.jpg,540,720,1_3,230,222,329,487
IMG_20200201_211340.jpg,720,540,1_3,208,233,507,389
IMG_20200124_232535.jpg,720,540,1_3,141,94,564,399
IMG_20200201_211344.jpg,720,540,1_3,217,265,544,419
IMG_20200124_234904.jpg,720,540,1_3,144,155,255,225
IMG_20200201_211441.jpg,720,540,1_3,225,296,496,434
IMG_20200201_211435.jpg,720,540,1_3,221,286,475,411
IMG_20200201_212321.jpg,720,540,1_3,77,316,229,398
IMG_20200124_234625.jpg,720,540,1_3,523,112,658,183
IMG_20200201_211332.jpg,720,540,1_3,228,319,554,453
IMG_20200201_211329.jpg,720,540,1_3,233,316,539,457
IMG_20200201_212212.jpg,720,540,1_3,318,210,423,336
IMG_20200201_211359.jpg,720,540,1_3,250,167,488,247
IMG_20200201_212300.jpg,720,540,1_3,109,316,303,416
IMG_20200201_212234.jpg,720,540,1_3,321,247,438,306
IMG_20200124_232525.jpg,720,540,1_3,205,178,588,383
IMG_20200201_211405.jpg,720,540,1_3,241,249,501,379
IMG_20200124_234810.jpg,720,540,1_3,344,159,474,222
IMG_20200124_232540.jpg,720,540,1_3,235,110,515,446
IMG_20200124_235553.jpg,720,540,1_3,310,163,431,238
IMG_20200124_235237.jpg,720,540,1_3,353,166,472,235
IMG_20200124_234713.jpg,720,540,1_3,345,173,476,241
IMG_20200201_211347.jpg,720,540,1_3,219,302,533,433
IMG_20200201_211325.jpg,720,540,1_3,233,256,538,408
IMG_20200201_211400.jpg,720,540,1_3,248,209,480,304
IMG_20200124_232615.jpg,720,540,1_3,199,252,515,385
IMG_20200124_234521.jpg,720,540,1_3,507,172,665,290
IMG_20200124_232559.jpg,720,540,1_3,248,159,509,251
IMG_20200124_234506.jpg,720,540,1_3,64,164,202,235
IMG_20200201_211342.jpg,720,540,1_3,229,223,529,371
IMG_20200124_232549.jpg,720,540,1_3,244,178,551,449
IMG_20200124_234547.jpg,720,540,1_3,476,167,635,248
IMG_20200201_212257.jpg,720,540,1_3,118,357,291,424
IMG_20200124_235302.jpg,720,540,1_3,341,170,460,226
IMG_20200124_234523.jpg,720,540,1_3,538,175,698,284
IMG_20200201_212327.jpg,720,540,1_3,38,360,202,453
IMG_20200201_211327.jpg,720,540,1_3,218,296,532,441
IMG_20200201_211407.jpg,720,540,1_3,275,297,554,447
IMG_20200124_234808.jpg,720,540,1_3,337,154,470,220
IMG_20200124_232532.jpg,720,540,1_3,204,172,658,347
IMG_20200124_232528.jpg,720,540,1_3,240,187,617,359
IMG_20200201_212209.jpg,720,540,1_3,336,208,451,364
IMG_20200201_212229.jpg,720,540,1_3,335,149,458,207
IMG_20200124_234846.jpg,720,540,1_3,76,197,216,265
IMG_20200124_232544.jpg,720,540,1_3,254,189,522,462
IMG_20200124_234842.jpg,720,540,1_3,83,178,224,262
IMG_20200124_232557.jpg,720,540,1_3,248,159,512,250
IMG_20200124_234805.jpg,720,540,1_3,325,212,453,281
IMG_20200124_235152.jpg,720,540,1_3,444,300,632,383
IMG_20200124_235309.jpg,720,540,1_3,343,194,458,261
IMG_20200201_211322.jpg,540,720,1_3,169,215,347,529
IMG_20200124_234727.jpg,720,540,1_3,324,234,455,298
IMG_20200204_205720.jpg,720,540,5_9,23,312,274,431
IMG_20200204_213058.jpg,720,540,5_9,499,208,601,296
IMG_20200204_213052.jpg,720,540,5_9,516,127,619,258
IMG_20200204_205829.jpg,540,720,5_9,352,48,436,291
IMG_20200204_212817.jpg,540,720,5_9,200,505,294,691
IMG_20200204_212920.jpg,720,540,5_9,416,289,626,505
IMG_20200204_212958.jpg,720,540,5_9,280,213,456,295
IMG_20200204_213222.jpg,720,540,5_9,233,179,382,261
IMG_20200204_212915.jpg,720,540,5_9,439,302,661,433
IMG_20200204_213326.jpg,720,540,5_9,330,235,471,326
IMG_20200204_212905.jpg,540,720,5_9,288,498,356,689
IMG_20200204_205740.jpg,720,540,5_9,131,226,324,375
IMG_20200204_205635.jpg,720,540,5_9,57,305,328,416
IMG_20200204_205736.jpg,720,540,5_9,206,40,352,189
IMG_20200204_205818.jpg,720,540,5_9,159,151,358,234
IMG_20200204_205810.jpg,720,540,5_9,256,93,361,230
IMG_20200204_212752.jpg,720,540,5_9,454,132,607,228
IMG_20200204_205844.jpg,720,540,5_9,270,80,360,217
IMG_20200204_213014.jpg,720,540,5_9,279,217,383,331
IMG_20200204_205852.jpg,720,540,5_9,130,270,369,426
IMG_20200204_210359.jpg,720,540,5_9,63,187,213,249
IMG_20200204_205712.jpg,540,720,5_9,223,63,337,270
IMG_20200204_213213.jpg,720,540,5_9,283,160,415,281
IMG_20200204_205738.jpg,720,540,5_9,121,120,307,258
IMG_20200204_205652.jpg,720,540,5_9,146,253,377,411
IMG_20200204_205803.jpg,720,540,5_9,113,258,332,380
IMG_20200204_205815.jpg,720,540,5_9,146,220,347,353
IMG_20200204_210205.jpg,540,720,5_9,388,495,504,665
IMG_20200204_205850.jpg,720,540,5_9,107,274,326,410
IMG_20200204_213119.jpg,720,540,5_9,542,127,702,190
IMG_20200204_213002.jpg,720,540,5_9,269,274,452,371
IMG_20200204_210424.jpg,540,720,5_9,193,486,317,667
IMG_20200204_212741.jpg,720,540,5_9,486,290,680,425
IMG_20200204_213005.jpg,720,540,5_9,263,255,431,367
IMG_20200204_212754.jpg,720,540,5_9,446,154,583,228
IMG_20200204_205728.jpg,720,540,5_9,61,307,309,387
IMG_20200204_212829.jpg,720,540,5_9,479,284,716,416
IMG_20200204_205658.jpg,720,540,5_9,171,76,356,231
IMG_20200204_212935.jpg,720,540,5_9,480,175,628,255
IMG_20200204_205834.jpg,720,540,5_9,79,263,292,373
IMG_20200204_212926.jpg,720,540,5_9,449,189,554,274
IMG_20200204_210308.jpg,720,540,5_9,505,127,661,190
IMG_20200204_213000.jpg,720,540,5_9,279,271,456,358
IMG_20200204_213218.jpg,720,540,5_9,367,208,455,304
IMG_20200204_210251.jpg,540,720,5_9,256,524,414,679
IMG_20200204_205629.jpg,540,720,5_9,284,84,430,336
IMG_20200204_205715.jpg,720,540,5_9,78,270,307,386
IMG_20200204_210427.jpg,720,540,5_9,455,240,632,336
IMG_20200204_212937.jpg,720,540,5_9,428,229,601,312
IMG_20200204_210403.jpg,720,540,5_9,50,224,200,304
IMG_20200204_213050.jpg,720,540,5_9,541,98,631,247
IMG_20200204_205630.jpg,540,720,5_9,248,102,384,350
IMG_20200204_213055.jpg,720,540,5_9,505,190,610,289
IMG_20200204_205819.jpg,720,540,5_9,97,60,300,194
IMG_20200204_205836.jpg,720,540,5_9,92,264,300,377
IMG_20200204_212910.jpg,720,540,5_9,520,294,704,379
IMG_20200204_205646.jpg,720,540,5_9,219,83,378,215
IMG_20200204_205651.jpg,720,540,5_9,130,241,350,438
IMG_20200204_205909.jpg,720,540,5_9,169,189,348,352
IMG_20200204_212842.jpg,720,540,5_9,503,110,651,202
IMG_20200204_213010.jpg,720,540,5_9,348,196,466,336
IMG_20200204_210255.jpg,720,540,5_9,509,200,648,297
IMG_20200204_212738.jpg,720,540,5_9,508,276,719,357
IMG_20200204_212839.jpg,720,540,5_9,453,56,562,137
IMG_20200204_205813.jpg,720,540,5_9,120,210,315,361
IMG_20200204_212954.jpg,540,720,5_9,353,288,422,470
IMG_20200204_212912.jpg,720,540,5_9,517,307,706,401
IMG_20200204_212819.jpg,720,540,5_9,502,297,686,386
IMG_20200204_205800.jpg,720,540,5_9,76,203,303,309
IMG_20200204_205833.jpg,720,540,5_9,75,239,287,339
IMG_20200204_205831.jpg,720,540,5_9,49,183,281,274
IMG_20200204_210228.jpg,720,540,5_9,492,97,643,171
IMG_20200204_205757.jpg,540,720,5_9,333,82,416,309
IMG_20200204_205759.jpg,720,540,5_9,72,180,300,274
IMG_20200204_205816.jpg,720,540,5_9,182,153,369,276
IMG_20200204_212831.jpg,720,540,5_9,472,257,682,426
IMG_20200204_205732.jpg,720,540,5_9,156,157,343,276
IMG_20200204_212844.jpg,720,540,5_9,516,166,678,256
IMG_20200204_205848.jpg,720,540,5_9,131,259,343,417
IMG_20200204_210454.jpg,720,540,5_9,6,189,191,273
IMG_20200204_212928.jpg,720,540,5_9,489,224,622,311
IMG_20200204_213007.jpg,720,540,5_9,322,212,462,345
IMG_20200204_213322.jpg,720,540,5_9,388,249,515,328
IMG_20200204_213252.jpg,720,540,5_9,285,301,461,415
IMG_20200204_213126.jpg,720,540,5_9,510,258,707,389
IMG_20200204_212733.jpg,540,720,5_9,252,495,350,685
IMG_20200204_205654.jpg,720,540,5_9,205,194,421,354
IMG_20200204_212746.jpg,720,540,5_9,426,342,596,522
IMG_20200204_205905.jpg,720,540,5_9,103,2,258,143
IMG_20200204_205644.jpg,720,540,5_9,118,158,325,291
IMG_20200204_205656.jpg,720,540,5_9,133,202,339,319
IMG_20200204_210401.jpg,720,540,5_9,57,206,204,275
IMG_20200204_213016.jpg,720,540,5_9,331,228,476,340
IMG_20200204_210210.jpg,720,540,5_9,449,128,586,192
IMG_20200204_212743.jpg,720,540,5_9,458,316,655,511
IMG_20200204_205855.jpg,720,540,5_9,61,227,325,370
IMG_20200204_210313.jpg,720,540,5_9,494,190,626,263
IMG_20200204_210310.jpg,720,540,5_9,510,127,666,205
IMG_20200204_205900.jpg,720,540,5_9,94,134,241,265
IMG_20200204_205903.jpg,720,540,5_9,46,141,237,242
IMG_20200204_205734.jpg,720,540,5_9,210,108,352,231
IMG_20200204_205742.jpg,720,540,5_9,142,260,359,424
IMG_20200204_205858.jpg,720,540,5_9,68,216,303,358
IMG_20200204_212825.jpg,720,540,5_9,512,317,719,402
IMG_20200204_212750.jpg,720,540,5_9,413,83,532,172
IMG_20200204_210457.jpg,720,540,5_9,23,232,193,315
IMG_20200204_213318.jpg,720,540,5_9,336,203,477,265
IMG_20200204_212909.jpg,720,540,5_9,497,252,671,331
IMG_20200204_213133.jpg,720,540,5_9,494,89,609,167
IMG_20200204_205725.jpg,720,540,5_9,14,295,282,394
IMG_20200204_210425.jpg,720,540,5_9,459,228,625,337
IMG_20200204_212758.jpg,720,540,5_9,414,225,654,409
IMG_20200204_213215.jpg,720,540,5_9,344,196,453,298
IMG_20200204_212956.jpg,540,720,5_9,293,291,362,468
IMG_20200204_205634.jpg,720,540,5_9,99,291,338,393
IMG_20200204_212736.jpg,720,540,5_9,515,269,719,361
IMG_20200204_213023.jpg,720,540,5_9,292,122,435,246
IMG_20200204_212939.jpg,720,540,5_9,437,236,610,362
IMG_20200204_205632.jpg,720,540,5_9,102,210,329,320
IMG_20200204_213019.jpg,720,540,5_9,267,212,441,288
IMG_20200204_212815.jpg,540,720,5_9,255,514,356,692
IMG_20200205_215957.jpg,720,540,7_8,308,247,424,315
IMG_20200205_221151.jpg,720,540,7_8,213,183,390,269
IMG_20200205_215350.jpg,720,540,7_8,426,252,656,397
IMG_20200205_221130.jpg,720,540,7_8,415,123,581,265
IMG_20200205_215307.jpg,720,540,7_8,411,276,646,383
IMG_20200205_215953.jpg,720,540,7_8,327,157,445,273
IMG_20200205_215304.jpg,540,720,7_8,235,418,351,644
IMG_20200205_221517.jpg,540,720,7_8,366,201,455,377
IMG_20200205_215450.jpg,720,540,7_8,460,215,661,335
IMG_20200205_221056.jpg,720,540,7_8,307,141,497,246
IMG_20200205_215418.jpg,720,540,7_8,319,191,426,298
IMG_20200205_215653.jpg,720,540,7_8,207,244,330,358
IMG_20200205_221245.jpg,720,540,7_8,213,189,391,279
IMG_20200205_221741.jpg,720,540,7_8,170,338,320,457
IMG_20200205_215343.jpg,720,540,7_8,422,259,630,360
IMG_20200205_215948.jpg,720,540,7_8,332,163,472,247
IMG_20200205_215721.jpg,720,540,7_8,49,260,213,342
IMG_20200205_221215.jpg,720,540,7_8,227,86,358,232
IMG_20200205_215323.jpg,720,540,7_8,336,228,491,326
IMG_20200205_215425.jpg,720,540,7_8,450,160,641,275
IMG_20200205_221109.jpg,720,540,7_8,215,92,435,207
IMG_20200205_221457.jpg,720,540,7_8,356,181,486,294
IMG_20200205_221301.jpg,720,540,7_8,118,354,369,466
IMG_20200205_221238.jpg,720,540,7_8,360,61,510,211
IMG_20200205_221300.jpg,720,540,7_8,233,204,408,282
IMG_20200205_215725.jpg,720,540,7_8,97,223,204,306
IMG_20200205_221054.jpg,540,720,7_8,333,291,467,508
IMG_20200205_215817.jpg,720,540,7_8,192,94,331,182
IMG_20200205_221123.jpg,720,540,7_8,240,232,421,303
IMG_20200205_221529.jpg,720,540,7_8,280,135,415,251
IMG_20200205_215200.jpg,720,540,7_8,115,176,347,270
IMG_20200205_215645.jpg,720,540,7_8,319,285,484,374
IMG_20200205_221503.jpg,720,540,7_8,132,180,319,321
IMG_20200205_221522.jpg,540,720,7_8,386,181,481,370
IMG_20200205_215321.jpg,720,540,7_8,269,167,406,262
IMG_20200205_215305.jpg,720,540,7_8,402,215,630,333
IMG_20200205_221132.jpg,720,540,7_8,463,136,559,307
IMG_20200205_215414.jpg,720,540,7_8,412,260,638,408
IMG_20200205_221106.jpg,720,540,7_8,267,11,429,202
IMG_20200205_220140.jpg,720,540,7_8,179,240,360,341
IMG_20200205_221315.jpg,720,540,7_8,326,143,456,286
IMG_20200205_220209.jpg,720,540,7_8,401,181,518,300
IMG_20200205_215449.jpg,720,540,7_8,467,227,647,404
IMG_20200205_215330.jpg,720,540,7_8,397,227,575,342
IMG_20200205_215647.jpg,720,540,7_8,323,309,490,398
IMG_20200205_215352.jpg,720,540,7_8,355,269,568,465
IMG_20200205_220200.jpg,720,540,7_8,325,141,480,226
IMG_20200205_215656.jpg,720,540,7_8,371,263,462,370
IMG_20200205_215723.jpg,720,540,7_8,91,219,215,292
IMG_20200205_215308.jpg,720,540,7_8,397,306,641,397
IMG_20200205_215820.jpg,720,540,7_8,25,204,224,356
IMG_20200205_221231.jpg,720,540,7_8,251,179,433,274
IMG_20200205_220104.jpg,720,540,7_8,357,153,490,246
IMG_20200205_221059.jpg,720,540,7_8,266,251,461,331
IMG_20200205_220028.jpg,720,540,7_8,42,315,248,404
IMG_20200205_215815.jpg,540,720,7_8,335,110,402,281
IMG_20200205_215407.jpg,540,720,7_8,342,428,437,675
IMG_20200205_221057.jpg,720,540,7_8,288,221,476,307
IMG_20200205_221136.jpg,720,540,7_8,189,16,381,206
IMG_20200205_215357.jpg,720,540,7_8,317,171,459,286
IMG_20200205_215347.jpg,720,540,7_8,424,286,663,377
IMG_20200205_221229.jpg,720,540,7_8,243,167,417,250
IMG_20200205_221537.jpg,720,540,7_8,159,104,319,243
IMG_20200205_221157.jpg,720,540,7_8,249,175,426,286
IMG_20200205_221319.jpg,720,540,7_8,84,182,265,323
IMG_20200205_215718.jpg,720,540,7_8,56,156,225,230
IMG_20200205_215316.jpg,720,540,7_8,411,253,639,439
IMG_20200205_215420.jpg,720,540,7_8,365,217,511,322
IMG_20200205_221206.jpg,720,540,7_8,143,80,332,212
IMG_20200205_220143.jpg,720,540,7_8,258,118,373,238
IMG_20200205_221232.jpg,720,540,7_8,234,185,415,280
IMG_20200205_215950.jpg,720,540,7_8,350,234,464,302
IMG_20200205_215759.jpg,720,540,7_8,198,83,377,189
IMG_20200205_221103.jpg,720,540,7_8,393,104,580,280
IMG_20200205_221243.jpg,720,540,7_8,220,127,372,243
IMG_20200205_221301.jpg,720,540,7_8,248,241,422,331
IMG_20200205_215437.jpg,540,720,7_8,267,442,340,679
IMG_20200205_215345.jpg,720,540,7_8,421,289,639,385
IMG_20200205_221303.jpg,720,540,7_8,236,222,415,317
IMG_20200205_221235.jpg,720,540,7_8,248,157,415,266
IMG_20200205_215423.jpg,720,540,7_8,451,114,619,207
IMG_20200205_221159.jpg,720,540,7_8,397,81,541,246
IMG_20200205_220136.jpg,720,540,7_8,163,135,303,315
IMG_20200205_215415.jpg,720,540,7_8,397,283,610,490
IMG_20200205_215314.jpg,720,540,7_8,412,289,635,431
IMG_20200205_220024.jpg,720,540,7_8,80,233,214,329
IMG_20200205_215651.jpg,720,540,7_8,253,305,389,395
IMG_20200205_220113.jpg,540,720,7_8,349,267,479,440
IMG_20200205_215427.jpg,720,540,7_8,437,219,576,397
IMG_20200205_215445.jpg,720,540,7_8,457,281,692,424
IMG_20200205_215440.jpg,720,540,7_8,451,295,668,393
IMG_20200205_220101.jpg,720,540,7_8,309,169,423,243
IMG_20200205_221119.jpg,540,720,7_8,342,211,463,420
IMG_20200205_220019.jpg,720,540,7_8,101,352,288,448
IMG_20200205_215358.jpg,720,540,7_8,384,217,563,326
IMG_20200205_221454.jpg,720,540,7_8,255,117,432,223
IMG_20200205_215410.jpg,720,540,7_8,437,204,658,308
IMG_20200205_215439.jpg,720,540,7_8,445,280,648,357
IMG_20200205_215805.jpg,720,540,7_8,151,219,314,373
IMG_20200205_221149.jpg,540,720,7_8,433,211,513,396
IMG_20200205_215138.jpg,720,540,7_8,153,235,345,395
IMG_20200205_221154.jpg,720,540,7_8,224,246,397,335
IMG_20200205_215327.jpg,720,540,7_8,398,103,536,229
IMG_20200205_221227.jpg,540,720,7_8,368,222,448,408
IMG_20200205_221725.jpg,720,540,7_8,1,267,176,356
IMG_20200205_215328.jpg,720,540,7_8,427,164,585,270
IMG_20200205_220117.jpg,720,540,7_8,239,236,375,279
IMG_20200205_221500.jpg,720,540,7_8,78,171,316,323
IMG_20200205_221651.jpg,720,540,7_8,1,238,126,331
IMG_20200205_215354.jpg,720,540,7_8,396,284,568,492
IMG_20200205_221452.jpg,720,540,7_8,199,112,391,222
IMG_20200205_221203.jpg,720,540,7_8,156,93,313,254
IMG_20200205_215318.jpg,720,540,7_8,404,276,606,479
IMG_20200205_221121.jpg,720,540,7_8,232,146,421,235
IMG_20200205_215452.jpg,720,540,7_8,464,170,637,267
IMG_20200205_221321.jpg,720,540,7_8,203,102,357,222
IMG_20200205_220059.jpg,720,540,7_8,328,89,466,163